Chunk ID,Section Label,Policy Content,Section 1 Metadata (Schedule of Benefits)
0adc15fb466e48c38aa8dd6cf9e5dfae,exclusions,"* Injuries sustained during the commission of a felony or illegal activity.
* War, terrorism, riot, or civil unrest -- whether declared or undeclared.
* Routine dental services: cleanings, fillings, extractions, orthodontics, dental implants. (Emergency dental treatment following an accident is covered.)
* Routine  vision  services:  eye  exams  for  refractive  errors,  prescription  glasses,  contact  lenses, LASIK or PRK surgery.
* Hearing aids and routine audiological exams.
* Long-term care, custodial care, or non-skilled nursing home care.
* Complementary  and  alternative  medicine:  acupuncture,  homeopathy,  naturopathy,  chiropractic (beyond 20 visits/year), massage therapy.
* Weight loss programs, bariatric surgery, or treatments for obesity unless required for a covered comorbid condition and pre-authorized by MediShield.
* Sleep studies or treatment for sleep disorders unless Medically Necessary and pre-authorized.",
350da434390e4762a3a3885038097e84,inclusions,"* Mental health and substance use disorder treatment (inpatient and outpatient), as required by the Mental Health Parity and Addiction Equity Act (MHPAEA).
* Preventive care services as mandated by the Affordable Care Act (ACA) at $0 cost-sharing.
* Prescription drugs: Formulary Tier 1-4 medications dispensed by a licensed pharmacist.
* Home health care: skilled nursing, physical therapy, occupational therapy (up to 60 visits/year).
* Durable medical equipment (DME): prosthetics, orthotics, and medically required devices.
* Ambulance services: ground and air transport when Medically Necessary.
* Rehabilitation services: physical, occupational, and speech therapy (up to 60 visits/year).
* Organ transplants: listed transplants at designated Centers of Excellence.
* Chemotherapy, radiation therapy, and cancer-related infusion services.
* Dialysis (in-center and home hemodialysis).
* Telemedicine consultations with Network Providers.","The  Schedule  of  Benefits  below  summarizes  the  coverage  amounts,  cost-sharing  obligations,  and annual limits applicable to the MediShield Gold Plan for the 2025 policy year. All amounts are in US Dollars (USD). Benefits are subject to the policy's Definitions, Inclusions, and Exclusions sections.

| Benefit Category                             | In-Network     | Out-of-Network   |
|----------------------------------------------|----------------|------------------|
| Lifetime Maximum Benefit                     | $5,000,000     | $5,000,000       |
| Annual Policy Limit                          | $2,000,000     | $2,000,000       |
| Individual Deductible                        | $1,500         | $3,000           |
| Family Deductible                            | $3,000         | $6,000           |
| Out-of-Pocket Maximum (Individual)           | $7,500         | $15,000          |
| Out-of-Pocket Maximum (Family)               | $15,000        | $30,000          |
| Primary Care Physician (PCP) Copay           | $25 / visit    | 40% coinsurance  |
| Specialist Copay                             | $60 / visit    | 40% coinsurance  |
| Emergency Room (ER) Copay                    | $250 / visit   | $250 + 20%       |
| Urgent Care Copay                            | $50 / visit    | $75 / visit      |
| Inpatient Hospitalization                    | 20% after ded. | 40% after ded.   |
| Outpatient Surgery                           | 20% after ded. | 40% after ded.   |
| Diagnostic Lab & Imaging                     | 20% after ded. | 40% after ded.   |
| Preventive Care (ACA-mandated)               | $0 copay       | Not covered      |
| Mental Health / Substance Use (outpatient)   | $60 / visit    | 40% coinsurance  |
| Mental Health (inpatient)                    | 20% after ded. | 40% after ded.   |
| Prescription Drugs -- Tier 1 (Generic)       | $15 / 30-day   | $15 / 30-day     |
| Prescription Drugs -- Tier 2 (Preferred)     | $40 / 30-day   | $60 / 30-day     |
| Prescription Drugs -- Tier 3 (Non-Preferred) | $80 / 30-day   | $120 / 30-day    |
| Prescription Drugs -- Tier 4 (Specialty)     | 25% (max $320) | 25% (max $400)   |
| Home Health Care                             | 20% after ded. | Not covered      |
| Skilled Nursing Facility (max 60 days/yr)    | 20% after ded. | Not covered      |
| Durable Medical Equipment (DME)              | 20% after ded. | 40% after ded.   |
| Ambulance (medically necessary only)         | 20% after ded. | 20% after ded.   |"
52ac2ae144084306a6d92b328cc72bc6,inclusions,"(Covered Services)

The following services are covered under the MediShield Gold Plan when Medically Necessary and not listed under Section 4 (Exclusions). Coverage is subject to the deductibles, copays, and coinsurance specified in the Schedule of Benefits.","The  Schedule  of  Benefits  below  summarizes  the  coverage  amounts,  cost-sharing  obligations,  and annual limits applicable to the MediShield Gold Plan for the 2025 policy year. All amounts are in US Dollars (USD). Benefits are subject to the policy's Definitions, Inclusions, and Exclusions sections.

| Benefit Category                             | In-Network     | Out-of-Network   |
|----------------------------------------------|----------------|------------------|
| Lifetime Maximum Benefit                     | $5,000,000     | $5,000,000       |
| Annual Policy Limit                          | $2,000,000     | $2,000,000       |
| Individual Deductible                        | $1,500         | $3,000           |
| Family Deductible                            | $3,000         | $6,000           |
| Out-of-Pocket Maximum (Individual)           | $7,500         | $15,000          |
| Out-of-Pocket Maximum (Family)               | $15,000        | $30,000          |
| Primary Care Physician (PCP) Copay           | $25 / visit    | 40% coinsurance  |
| Specialist Copay                             | $60 / visit    | 40% coinsurance  |
| Emergency Room (ER) Copay                    | $250 / visit   | $250 + 20%       |
| Urgent Care Copay                            | $50 / visit    | $75 / visit      |
| Inpatient Hospitalization                    | 20% after ded. | 40% after ded.   |
| Outpatient Surgery                           | 20% after ded. | 40% after ded.   |
| Diagnostic Lab & Imaging                     | 20% after ded. | 40% after ded.   |
| Preventive Care (ACA-mandated)               | $0 copay       | Not covered      |
| Mental Health / Substance Use (outpatient)   | $60 / visit    | 40% coinsurance  |
| Mental Health (inpatient)                    | 20% after ded. | 40% after ded.   |
| Prescription Drugs -- Tier 1 (Generic)       | $15 / 30-day   | $15 / 30-day     |
| Prescription Drugs -- Tier 2 (Preferred)     | $40 / 30-day   | $60 / 30-day     |
| Prescription Drugs -- Tier 3 (Non-Preferred) | $80 / 30-day   | $120 / 30-day    |
| Prescription Drugs -- Tier 4 (Specialty)     | 25% (max $320) | 25% (max $400)   |
| Home Health Care                             | 20% after ded. | Not covered      |
| Skilled Nursing Facility (max 60 days/yr)    | 20% after ded. | Not covered      |
| Durable Medical Equipment (DME)              | 20% after ded. | 40% after ded.   |
| Ambulance (medically necessary only)         | 20% after ded. | 20% after ded.   |"
5a25fba4b6724025938d193072fec4b8,exclusions,"* Sleep studies or treatment for sleep disorders unless Medically Necessary and pre-authorized.
* Travel health services, vaccinations not mandated by ACA, or international emergency coverage beyond the $50,000 emergency-only benefit.
* Surrogacy-related services or expenses.
* Services provided by non-licensed practitioners or outside the United States (except emergency stabilization).",
7e4a92e5899c409d96320c77bfeb1c8d,exclusions,"* Fertility  and  infertility  treatments:  ovulation  induction,  IUI,  IVF,  egg  freezing,  embryo  storage, donor sperm or eggs -- unless covered under the Maternity Rider.  [Rider Available: Maternity Rider]
* Experimental or  Investigational  treatments  and  procedures  not  approved  by  the  US  Food  and Drug  Administration  (FDA)  or  not  recognized  by  generally  accepted  medical  standards  at  the time of service.
* Self-inflicted injuries, suicide attempts, or intentional acts of self-harm.
* Injuries sustained while under the influence of alcohol, narcotics, or illegal drugs.
* Treatment  for  injuries  sustained  during  participation  in  professional  sports,  extreme  sports,  or high-risk recreational activities (e.g., skydiving, BASE jumping, motor racing).
* Injuries sustained during the commission of a felony or illegal activity.
* War, terrorism, riot, or civil unrest -- whether declared or undeclared.",
93088dee8de4486895cac25c19a366a6,inclusions,"* Inpatient hospitalization: room and board (up to the Room and Board Limit), intensive care unit (ICU), nursing care, and attending physician fees.
* Emergency room services, including stabilization and observation.
* Outpatient physician visits: Primary Care Physician and Specialist consultations.
* Diagnostic services: laboratory tests, blood panels, urinalysis, pathology.
* Diagnostic imaging: X-ray, CT scan, MRI, PET scan, echocardiogram, ultrasound.
* Surgical services: physician fees, anesthesia, operating room, post-operative care.
* Day Care Procedures as defined in Section 2.
* Maternity care (labor, delivery, postnatal care) -- subject to Maternity Rider election and 9-month waiting period.
* Newborn care for the first 31 days of life (added to policy within 31 days of birth).
* Mental health and substance use disorder treatment (inpatient and outpatient), as required by the Mental Health Parity and Addiction Equity Act (MHPAEA).","The  Schedule  of  Benefits  below  summarizes  the  coverage  amounts,  cost-sharing  obligations,  and annual limits applicable to the MediShield Gold Plan for the 2025 policy year. All amounts are in US Dollars (USD). Benefits are subject to the policy's Definitions, Inclusions, and Exclusions sections.

| Benefit Category                             | In-Network     | Out-of-Network   |
|----------------------------------------------|----------------|------------------|
| Lifetime Maximum Benefit                     | $5,000,000     | $5,000,000       |
| Annual Policy Limit                          | $2,000,000     | $2,000,000       |
| Individual Deductible                        | $1,500         | $3,000           |
| Family Deductible                            | $3,000         | $6,000           |
| Out-of-Pocket Maximum (Individual)           | $7,500         | $15,000          |
| Out-of-Pocket Maximum (Family)               | $15,000        | $30,000          |
| Primary Care Physician (PCP) Copay           | $25 / visit    | 40% coinsurance  |
| Specialist Copay                             | $60 / visit    | 40% coinsurance  |
| Emergency Room (ER) Copay                    | $250 / visit   | $250 + 20%       |
| Urgent Care Copay                            | $50 / visit    | $75 / visit      |
| Inpatient Hospitalization                    | 20% after ded. | 40% after ded.   |
| Outpatient Surgery                           | 20% after ded. | 40% after ded.   |
| Diagnostic Lab & Imaging                     | 20% after ded. | 40% after ded.   |
| Preventive Care (ACA-mandated)               | $0 copay       | Not covered      |
| Mental Health / Substance Use (outpatient)   | $60 / visit    | 40% coinsurance  |
| Mental Health (inpatient)                    | 20% after ded. | 40% after ded.   |
| Prescription Drugs -- Tier 1 (Generic)       | $15 / 30-day   | $15 / 30-day     |
| Prescription Drugs -- Tier 2 (Preferred)     | $40 / 30-day   | $60 / 30-day     |
| Prescription Drugs -- Tier 3 (Non-Preferred) | $80 / 30-day   | $120 / 30-day    |
| Prescription Drugs -- Tier 4 (Specialty)     | 25% (max $320) | 25% (max $400)   |
| Home Health Care                             | 20% after ded. | Not covered      |
| Skilled Nursing Facility (max 60 days/yr)    | 20% after ded. | Not covered      |
| Durable Medical Equipment (DME)              | 20% after ded. | 40% after ded.   |
| Ambulance (medically necessary only)         | 20% after ded. | 20% after ded.   |"
bcd2b11a93c841b2b5af65ee83b151c0,exclusions,"(Non-Covered Services)

The  following  services  are  NOT  covered  under  the  MediShield  Gold  Plan.  Claims  submitted  for excluded services will be denied. Optional riders may extend coverage for certain items marked with [Rider Available].

* Cosmetic  surgery  or  aesthetic  treatments,  including  rhinoplasty,  liposuction,  blepharoplasty (eyelid  surgery),  genioplasty,  facelifts,  and  breast  augmentation,  unless  required  for  functional

reconstruction following an accident or cancer surgery.",
